<?xml version="1.0" encoding="UTF-8"?>
<jcr:root xmlns:sling="http://sling.apache.org/jcr/sling/1.0" xmlns:cq="http://www.day.com/jcr/cq/1.0" xmlns:jcr="http://www.jcp.org/jcr/1.0" xmlns:mix="http://www.jcp.org/jcr/mix/1.0" xmlns:nt="http://www.jcp.org/jcr/nt/1.0"
    jcr:primaryType="cq:Page">
    <jcr:content
        cq:catalogBlueprint="/content/catalogs/we-retail/en/website-catalog/women/shorts"
        cq:commerceType="section"
        cq:lastModified="{Date}2016-06-29T14:20:47.200+02:00"
        cq:lastModifiedBy="admin"
        cq:lastPropertyRollout="{Date}2016-06-29T14:09:55.806+02:00"
        cq:lastReplicated="{Date}2019-02-26T09:44:45.472Z"
        cq:lastReplicatedBy="admin"
        cq:lastReplicationAction="Activate"
        cq:lastRolledout="{Date}2016-06-29T14:20:47.201+02:00"
        cq:lastRolledoutBy="admin"
        cq:template="/conf/we-retail/settings/wcm/templates/section-page"
        jcr:isCheckedOut="{Boolean}true"
        jcr:mixinTypes="[cq:LiveRelationship,mix:versionable]"
        jcr:primaryType="cq:PageContent"
        jcr:title="Shorts"
        jcr:uuid="25e222ae-3dde-4c46-968b-65de59311d56"
        sling:resourceType="we-retail/components/structure/page"
        coverImage="/content/dam/we-retail/en/products/apparel/shorts/Shorts_women.jpg">
        <root
            cq:lastRolledout="{Date}2016-06-29T14:20:47.166+02:00"
            cq:lastRolledoutBy="admin"
            jcr:mixinTypes="[cq:LiveRelationship]"
            jcr:primaryType="nt:unstructured"
            sling:resourceType="wcm/foundation/components/responsivegrid">
            <product-grid
                cq:lastRolledout="{Date}2016-06-29T14:20:47.178+02:00"
                cq:lastRolledoutBy="admin"
                jcr:mixinTypes="[cq:LiveRelationship]"
                jcr:primaryType="nt:unstructured"
                sling:resourceType="we-retail/components/content/product-grid"
                displayAs="products"
                listFrom="descendants"
                orderBy="jcr:title"
                ordered="{Boolean}true"
                pageMax="0">
                <cq:responsive
                    cq:lastRolledout="{Date}2016-06-29T14:20:47.187+02:00"
                    cq:lastRolledoutBy="admin"
                    jcr:mixinTypes="[cq:LiveRelationship]"
                    jcr:primaryType="nt:unstructured">
                    <default
                        cq:lastRolledout="{Date}2016-06-29T14:20:47.197+02:00"
                        cq:lastRolledoutBy="admin"
                        jcr:mixinTypes="[cq:LiveRelationship]"
                        jcr:primaryType="nt:unstructured"
                        width="12"/>
                    <phone
                        cq:lastRolledout="{Date}2016-06-29T14:20:47.199+02:00"
                        cq:lastRolledoutBy="admin"
                        jcr:mixinTypes="[cq:LiveRelationship]"
                        jcr:primaryType="nt:unstructured"
                        width="12"/>
                </cq:responsive>
            </product-grid>
            <responsivegrid
                cq:lastRolledout="{Date}2016-06-29T14:20:47.201+02:00"
                cq:lastRolledoutBy="admin"
                jcr:mixinTypes="[cq:LiveRelationship]"
                jcr:primaryType="nt:unstructured"
                sling:resourceType="wcm/foundation/components/responsivegrid"/>
        </root>
    </jcr:content>
    <fleet-fox-running-shorts/>
    <candide-trail-short/>
    <desert-sky-shorts/>
    <bahamas-shorts/>
</jcr:root>
