<?xml version="1.0" encoding="UTF-8"?>
<jcr:root xmlns:sling="http://sling.apache.org/jcr/sling/1.0" xmlns:cq="http://www.day.com/jcr/cq/1.0" xmlns:jcr="http://www.jcp.org/jcr/1.0" xmlns:mix="http://www.jcp.org/jcr/mix/1.0" xmlns:nt="http://www.jcp.org/jcr/nt/1.0"
    jcr:primaryType="cq:Page">
    <jcr:content
        cq:catalogBlueprint="/content/catalogs/we-retail/en/website-catalog/men/shorts"
        cq:commerceType="section"
        cq:lastModified="{Date}2016-06-29T14:20:52.204+02:00"
        cq:lastModifiedBy="admin"
        cq:lastPropertyRollout="{Date}2016-06-29T14:10:09.853+02:00"
        cq:lastReplicated="{Date}2019-02-26T09:44:47.067Z"
        cq:lastReplicatedBy="admin"
        cq:lastReplicationAction="Activate"
        cq:lastRolledout="{Date}2016-06-29T14:20:52.206+02:00"
        cq:lastRolledoutBy="admin"
        cq:template="/conf/we-retail/settings/wcm/templates/section-page"
        jcr:isCheckedOut="{Boolean}true"
        jcr:mixinTypes="[cq:LiveRelationship,mix:versionable]"
        jcr:primaryType="cq:PageContent"
        jcr:title="Shorts"
        jcr:uuid="2adb6032-922f-4b3c-b7bb-4f2ee7c59de6"
        sling:resourceType="we-retail/components/structure/page"
        coverImage="/content/dam/we-retail/en/products/apparel/shorts/Shorts_men.jpg">
        <root
            cq:lastRolledout="{Date}2016-06-29T14:20:52.174+02:00"
            cq:lastRolledoutBy="admin"
            jcr:mixinTypes="[cq:LiveRelationship]"
            jcr:primaryType="nt:unstructured"
            sling:resourceType="wcm/foundation/components/responsivegrid">
            <product-grid
                cq:lastRolledout="{Date}2016-06-29T14:20:52.185+02:00"
                cq:lastRolledoutBy="admin"
                jcr:mixinTypes="[cq:LiveRelationship]"
                jcr:primaryType="nt:unstructured"
                sling:resourceType="we-retail/components/content/product-grid"
                displayAs="products"
                listFrom="descendants"
                orderBy="jcr:title"
                ordered="{Boolean}true"
                pageMax="0">
                <cq:responsive
                    cq:lastRolledout="{Date}2016-06-29T14:20:52.190+02:00"
                    cq:lastRolledoutBy="admin"
                    jcr:mixinTypes="[cq:LiveRelationship]"
                    jcr:primaryType="nt:unstructured">
                    <default
                        cq:lastRolledout="{Date}2016-06-29T14:20:52.201+02:00"
                        cq:lastRolledoutBy="admin"
                        jcr:mixinTypes="[cq:LiveRelationship]"
                        jcr:primaryType="nt:unstructured"
                        width="12"/>
                    <phone
                        cq:lastRolledout="{Date}2016-06-29T14:20:52.203+02:00"
                        cq:lastRolledoutBy="admin"
                        jcr:mixinTypes="[cq:LiveRelationship]"
                        jcr:primaryType="nt:unstructured"
                        width="12"/>
                </cq:responsive>
            </product-grid>
            <responsivegrid
                cq:lastRolledout="{Date}2016-06-29T14:20:52.205+02:00"
                cq:lastRolledoutBy="admin"
                jcr:mixinTypes="[cq:LiveRelationship]"
                jcr:primaryType="nt:unstructured"
                sling:resourceType="wcm/foundation/components/responsivegrid"/>
        </root>
    </jcr:content>
    <corona-shorts/>
    <buffalo-plaid-shorts/>
    <stretch-fatigue-shorts/>
    <slot-canyon-active-shorts/>
    <pipeline-board-shorts/>
</jcr:root>
