<?xml version="1.0" encoding="UTF-8"?>
<jcr:root xmlns:sling="http://sling.apache.org/jcr/sling/1.0" xmlns:cq="http://www.day.com/jcr/cq/1.0" xmlns:jcr="http://www.jcp.org/jcr/1.0" xmlns:mix="http://www.jcp.org/jcr/mix/1.0" xmlns:nt="http://www.jcp.org/jcr/nt/1.0"
    jcr:primaryType="cq:Page">
    <jcr:content
        cq:catalogBlueprint="/content/catalogs/we-retail/en/website-catalog/equipment/surfing"
        cq:commerceType="section"
        cq:lastModified="{Date}2016-07-04T11:35:02.409+02:00"
        cq:lastModifiedBy="admin"
        cq:lastPropertyRollout="{Date}2016-07-04T11:35:02.409+02:00"
        cq:lastReplicated="{Date}2019-02-26T09:44:40.948Z"
        cq:lastReplicatedBy="admin"
        cq:lastReplicationAction="Activate"
        cq:lastRolledout="{Date}2016-07-04T11:35:02.480+02:00"
        cq:lastRolledoutBy="admin"
        cq:template="/conf/we-retail/settings/wcm/templates/section-page"
        jcr:isCheckedOut="{Boolean}true"
        jcr:mixinTypes="[cq:LiveSync,mix:versionable]"
        jcr:primaryType="cq:PageContent"
        jcr:title="Surfing"
        jcr:uuid="572f46e8-097e-4556-9499-d185521a91dc"
        sling:resourceType="we-retail/components/structure/page"
        coverImage="/content/dam/we-retail/en/activities/surfing/surfing_5.jpg"
        navTitle="Surfing">
        <root
            cq:lastRolledout="{Date}2016-07-04T11:35:02.450+02:00"
            cq:lastRolledoutBy="admin"
            jcr:mixinTypes="[cq:LiveRelationship]"
            jcr:primaryType="nt:unstructured"
            sling:resourceType="wcm/foundation/components/responsivegrid">
            <product-grid
                cq:lastRolledout="{Date}2016-07-04T11:35:02.465+02:00"
                cq:lastRolledoutBy="admin"
                jcr:mixinTypes="[cq:LiveRelationship]"
                jcr:primaryType="nt:unstructured"
                sling:resourceType="we-retail/components/content/product-grid"
                displayAs="products"
                listFrom="descendants"
                orderBy="jcr:title"
                ordered="{Boolean}true"
                pageMax="0">
                <cq:responsive
                    cq:lastRolledout="{Date}2016-07-04T11:35:02.468+02:00"
                    cq:lastRolledoutBy="admin"
                    jcr:mixinTypes="[cq:LiveRelationship]"
                    jcr:primaryType="nt:unstructured">
                    <default
                        cq:lastRolledout="{Date}2016-07-04T11:35:02.478+02:00"
                        cq:lastRolledoutBy="admin"
                        jcr:mixinTypes="[cq:LiveRelationship]"
                        jcr:primaryType="nt:unstructured"
                        width="12"/>
                    <phone
                        cq:lastRolledout="{Date}2016-07-04T11:35:02.479+02:00"
                        cq:lastRolledoutBy="admin"
                        jcr:mixinTypes="[cq:LiveRelationship]"
                        jcr:primaryType="nt:unstructured"
                        width="12"/>
                </cq:responsive>
            </product-grid>
            <responsivegrid
                cq:lastRolledout="{Date}2016-07-04T11:35:02.479+02:00"
                cq:lastRolledoutBy="admin"
                jcr:mixinTypes="[cq:LiveRelationship]"
                jcr:primaryType="nt:unstructured"
                sling:resourceType="wcm/foundation/components/responsivegrid"/>
        </root>
        <cq:LiveSyncConfig
            cq:isDeep="{Boolean}false"
            cq:master="/content/catalogs/we-retail/en/website-template-pages/section-page-template"
            cq:rolloutConfigs="[/etc/msm/rolloutconfigs/catalogpagecontent,/etc/msm/rolloutconfigs/catalogrollouthooks]"
            jcr:primaryType="cq:LiveCopy"/>
    </jcr:content>
    <bear-8_8_-longboard/>
    <the-stretch-longboard/>
    <rusty-parrot-shortboad/>
    <el-greco-8_-shorty/>
    <even-keel-paddleboard/>
    <chasing-tail-surfboard/>
    <the-neutrino/>
    <pipeline-board-shorts/>
</jcr:root>
