<?xml version="1.0" encoding="UTF-8"?>
<jcr:root xmlns:sling="http://sling.apache.org/jcr/sling/1.0" xmlns:cq="http://www.day.com/jcr/cq/1.0" xmlns:jcr="http://www.jcp.org/jcr/1.0" xmlns:mix="http://www.jcp.org/jcr/mix/1.0" xmlns:nt="http://www.jcp.org/jcr/nt/1.0"
    jcr:primaryType="cq:Page">
    <jcr:content
        cq:catalogBlueprint="/content/catalogs/we-retail/en/website-catalog/equipment/water-sports"
        cq:commerceType="section"
        cq:lastModified="{Date}2016-06-29T14:20:56.917+02:00"
        cq:lastModifiedBy="admin"
        cq:lastPropertyRollout="{Date}2016-06-29T14:10:20.179+02:00"
        cq:lastReplicated="{Date}2019-02-26T09:44:49.719Z"
        cq:lastReplicatedBy="admin"
        cq:lastReplicationAction="Activate"
        cq:lastRolledout="{Date}2016-06-29T14:20:56.918+02:00"
        cq:lastRolledoutBy="admin"
        cq:template="/conf/we-retail/settings/wcm/templates/section-page"
        jcr:isCheckedOut="{Boolean}true"
        jcr:mixinTypes="[cq:LiveRelationship,mix:versionable]"
        jcr:primaryType="cq:PageContent"
        jcr:title="Water Sports"
        jcr:uuid="44aecbbb-ec91-4269-b3e3-d3c039a614b4"
        sling:resourceType="we-retail/components/structure/page"
        coverImage="/content/dam/we-retail/en/activities/water-sports/swimming_2.jpg"
        navTitle="Water Sports">
        <root
            cq:lastRolledout="{Date}2016-06-29T14:20:56.884+02:00"
            cq:lastRolledoutBy="admin"
            jcr:mixinTypes="[cq:LiveRelationship]"
            jcr:primaryType="nt:unstructured"
            sling:resourceType="wcm/foundation/components/responsivegrid">
            <product-grid
                cq:lastRolledout="{Date}2016-06-29T14:20:56.897+02:00"
                cq:lastRolledoutBy="admin"
                jcr:mixinTypes="[cq:LiveRelationship]"
                jcr:primaryType="nt:unstructured"
                sling:resourceType="we-retail/components/content/product-grid"
                displayAs="products"
                listFrom="descendants"
                orderBy="jcr:title"
                ordered="{Boolean}true"
                pageMax="0">
                <cq:responsive
                    cq:lastRolledout="{Date}2016-06-29T14:20:56.902+02:00"
                    cq:lastRolledoutBy="admin"
                    jcr:mixinTypes="[cq:LiveRelationship]"
                    jcr:primaryType="nt:unstructured">
                    <default
                        cq:lastRolledout="{Date}2016-06-29T14:20:56.914+02:00"
                        cq:lastRolledoutBy="admin"
                        jcr:mixinTypes="[cq:LiveRelationship]"
                        jcr:primaryType="nt:unstructured"
                        width="12"/>
                    <phone
                        cq:lastRolledout="{Date}2016-06-29T14:20:56.916+02:00"
                        cq:lastRolledoutBy="admin"
                        jcr:mixinTypes="[cq:LiveRelationship]"
                        jcr:primaryType="nt:unstructured"
                        width="12"/>
                </cq:responsive>
            </product-grid>
            <responsivegrid
                cq:lastRolledout="{Date}2016-06-29T14:20:56.918+02:00"
                cq:lastRolledoutBy="admin"
                jcr:mixinTypes="[cq:LiveRelationship]"
                jcr:primaryType="nt:unstructured"
                sling:resourceType="wcm/foundation/components/responsivegrid"/>
        </root>
    </jcr:content>
    <bahamas-shorts/>
    <soleil-tunic/>
    <pufferfish-snorkeling-fins/>
    <aqua-force-gps-fitness-monitor/>
    <cabana-stripe-towel/>
    <pro-series-swim-goggles/>
    <seastar-flip-flops/>
    <manta-ray-snorkel-and-dive-mask/>
</jcr:root>
