<?xml version="1.0" encoding="UTF-8"?>
<jcr:root xmlns:sling="http://sling.apache.org/jcr/sling/1.0" xmlns:cq="http://www.day.com/jcr/cq/1.0" xmlns:jcr="http://www.jcp.org/jcr/1.0" xmlns:mix="http://www.jcp.org/jcr/mix/1.0" xmlns:nt="http://www.jcp.org/jcr/nt/1.0"
    jcr:primaryType="cq:Page">
    <jcr:content
        cq:lastModified="{Date}2016-03-12T22:33:21.391+01:00"
        cq:lastModifiedBy="admin"
        cq:lastReplicated="{Date}2019-02-26T09:44:37.763Z"
        cq:lastReplicatedBy="admin"
        cq:lastReplicationAction="Activate"
        cq:template="/conf/we-retail/settings/wcm/templates/experience-page"
        jcr:isCheckedOut="{Boolean}true"
        jcr:mixinTypes="[mix:versionable]"
        jcr:primaryType="cq:PageContent"
        jcr:title="Arctic Surfing In Lofoten"
        jcr:uuid="8ef97a56-13ae-4f3e-a93f-c863d0d36752"
        sling:resourceType="we-retail/components/structure/page">
        <root
            jcr:primaryType="nt:unstructured"
            sling:resourceType="wcm/foundation/components/responsivegrid">
            <responsivegrid
                jcr:created="{Date}2016-01-13T15:58:09.854+01:00"
                jcr:createdBy="admin"
                jcr:lastModified="2016-01-13T15:58:50.877+01:00"
                jcr:lastModifiedBy="admin"
                jcr:primaryType="nt:unstructured"
                sling:resourceType="wcm/foundation/components/responsivegrid">
                <content_fragment
                    jcr:lastModified="{Date}2016-03-12T22:01:14.328+01:00"
                    jcr:lastModifiedBy="admin"
                    jcr:primaryType="nt:unstructured"
                    sling:resourceType="we-retail/components/content/content-fragment"
                    element="main"
                    fileReference="/content/dam/we-retail/en/experiences/arctic-surfing-in-lofoten/arctic-surfing-in-lofoten"
                    paragraphRange="1-2"
                    paragraphScope="all"
                    variation="master">
                    <par3
                        jcr:primaryType="nt:unstructured"
                        sling:resourceType="wcm/foundation/components/responsivegrid">
                        <image
                            jcr:created="{Date}2016-03-12T22:17:28.188+01:00"
                            jcr:createdBy="admin"
                            jcr:lastModified="{Date}2016-03-12T22:17:28.188+01:00"
                            jcr:lastModifiedBy="admin"
                            jcr:primaryType="nt:unstructured"
                            sling:resourceType="we-retail/components/content/image"
                            fileReference="/content/dam/we-retail/en/experiences/arctic-surfing-in-lofoten/fjord-waves.jpg">
                            <cq:responsive jcr:primaryType="nt:unstructured">
                                <default
                                    jcr:primaryType="nt:unstructured"
                                    width="4"/>
                                <tablet
                                    jcr:primaryType="nt:unstructured"
                                    width="6"/>
                                <phone
                                    jcr:primaryType="nt:unstructured"
                                    width="12"/>
                            </cq:responsive>
                        </image>
                        <image_898881992
                            jcr:created="{Date}2016-03-12T22:26:19.265+01:00"
                            jcr:createdBy="admin"
                            jcr:lastModified="{Date}2016-03-12T22:26:19.265+01:00"
                            jcr:lastModifiedBy="admin"
                            jcr:primaryType="nt:unstructured"
                            sling:resourceType="we-retail/components/content/image"
                            fileReference="/content/dam/we-retail/en/experiences/arctic-surfing-in-lofoten/surfer-ready-to-go.jpg">
                            <cq:responsive jcr:primaryType="nt:unstructured">
                                <default
                                    jcr:primaryType="nt:unstructured"
                                    width="4"/>
                                <tablet
                                    jcr:primaryType="nt:unstructured"
                                    width="6"/>
                                <phone
                                    jcr:primaryType="nt:unstructured"
                                    behavior="hide"/>
                            </cq:responsive>
                        </image_898881992>
                        <image_1193665800
                            jcr:created="{Date}2016-03-12T22:26:23.767+01:00"
                            jcr:createdBy="admin"
                            jcr:lastModified="{Date}2016-03-12T22:26:23.767+01:00"
                            jcr:lastModifiedBy="admin"
                            jcr:primaryType="nt:unstructured"
                            sling:resourceType="we-retail/components/content/image"
                            fileReference="/content/dam/we-retail/en/experiences/arctic-surfing-in-lofoten/surfer-wave-02.jpg">
                            <cq:responsive jcr:primaryType="nt:unstructured">
                                <default
                                    jcr:primaryType="nt:unstructured"
                                    width="4"/>
                                <tablet
                                    jcr:primaryType="nt:unstructured"
                                    width="12"/>
                                <phone
                                    jcr:primaryType="nt:unstructured"
                                    width="12"/>
                            </cq:responsive>
                        </image_1193665800>
                    </par3>
                    <par6
                        jcr:primaryType="nt:unstructured"
                        sling:resourceType="wcm/foundation/components/responsivegrid">
                        <image
                            jcr:created="{Date}2016-03-12T22:24:20.553+01:00"
                            jcr:createdBy="admin"
                            jcr:lastModified="{Date}2016-03-12T22:24:20.553+01:00"
                            jcr:lastModifiedBy="admin"
                            jcr:primaryType="nt:unstructured"
                            sling:resourceType="we-retail/components/content/image"
                            fileReference="/content/dam/we-retail/en/experiences/arctic-surfing-in-lofoten/camp-tent.jpg">
                            <cq:responsive jcr:primaryType="nt:unstructured">
                                <default
                                    jcr:primaryType="nt:unstructured"
                                    width="4"/>
                                <tablet
                                    jcr:primaryType="nt:unstructured"
                                    width="12"/>
                                <phone
                                    jcr:primaryType="nt:unstructured"
                                    width="12"/>
                            </cq:responsive>
                        </image>
                        <image_884249408
                            jcr:created="{Date}2016-03-12T22:26:38.819+01:00"
                            jcr:createdBy="admin"
                            jcr:lastModified="{Date}2016-03-12T22:26:38.819+01:00"
                            jcr:lastModifiedBy="admin"
                            jcr:primaryType="nt:unstructured"
                            sling:resourceType="we-retail/components/content/image"
                            fileReference="/content/dam/we-retail/en/experiences/arctic-surfing-in-lofoten/camp-fire.jpg">
                            <cq:responsive jcr:primaryType="nt:unstructured">
                                <default
                                    jcr:primaryType="nt:unstructured"
                                    width="4"/>
                                <tablet
                                    jcr:primaryType="nt:unstructured"
                                    width="6"/>
                                <phone
                                    jcr:primaryType="nt:unstructured"
                                    behavior="hide"/>
                            </cq:responsive>
                        </image_884249408>
                        <image_826980434
                            jcr:created="{Date}2016-03-12T22:26:57.104+01:00"
                            jcr:createdBy="admin"
                            jcr:lastModified="{Date}2016-03-12T22:26:57.104+01:00"
                            jcr:lastModifiedBy="admin"
                            jcr:primaryType="nt:unstructured"
                            sling:resourceType="we-retail/components/content/image"
                            fileReference="/content/dam/we-retail/en/experiences/arctic-surfing-in-lofoten/northern-lights.jpg">
                            <cq:responsive jcr:primaryType="nt:unstructured">
                                <default
                                    jcr:primaryType="nt:unstructured"
                                    width="4"/>
                                <tablet
                                    jcr:primaryType="nt:unstructured"
                                    width="6"/>
                                <phone
                                    jcr:primaryType="nt:unstructured"
                                    width="12"/>
                            </cq:responsive>
                        </image_826980434>
                    </par6>
                    <par8
                        jcr:primaryType="nt:unstructured"
                        sling:resourceType="wcm/foundation/components/responsivegrid">
                        <image
                            jcr:created="{Date}2016-03-12T22:24:39.850+01:00"
                            jcr:createdBy="admin"
                            jcr:lastModified="{Date}2016-03-12T22:24:39.850+01:00"
                            jcr:lastModifiedBy="admin"
                            jcr:primaryType="nt:unstructured"
                            sling:resourceType="we-retail/components/content/image"
                            fileReference="/content/dam/we-retail/en/experiences/arctic-surfing-in-lofoten/majestic-rainbow.jpg">
                            <cq:responsive jcr:primaryType="nt:unstructured">
                                <default
                                    jcr:primaryType="nt:unstructured"
                                    width="12"/>
                            </cq:responsive>
                        </image>
                    </par8>
                    <par4
                        jcr:primaryType="nt:unstructured"
                        sling:resourceType="wcm/foundation/components/responsivegrid"/>
                </content_fragment>
            </responsivegrid>
            <hero_image
                jcr:lastModified="{Date}2016-03-12T21:10:51.830+01:00"
                jcr:lastModifiedBy="admin"
                jcr:primaryType="nt:unstructured"
                sling:resourceType="we-retail/components/content/hero-image"
                fileReference="/content/dam/we-retail/en/experiences/arctic-surfing-in-lofoten/surfer-wave-01.jpg"
                title="Arctic Surfing In Lofoten"
                useFullWidth="true"/>
        </root>
    </jcr:content>
</jcr:root>
